{
    "ok": true,
    "result": {
     "prd_img":"https://cdn.imweb.me/thumbnail/20240131/563df7fefbf91.jpg",
       "prd_name":"white osmanthus | 은목서 - floral",
      "prd_sum":"신선하고 달콤한 은목서의 향",
      "promotionPer":0,
      "originPrice":null,
      "price":"29,000",
      "promotion":false,
      "new":false,
  "free_ship":true,
  "desc":[
  "https://cdn-optimized.imweb.me/upload/S201911183099b6c790242/34b0e7979ff6e.jpg?w=1536,",
  "https://cdn-optimized.imweb.me/upload/S201911183099b6c790242/c056f5a7242a1.jpg?w=1536",
  "https://cdn-optimized.imweb.me/upload/S201911183099b6c790242/fa8447d0bc403.jpg?w=1536"
  ],
  "detail_info":[
  {"용량,수량":"아뜰리에페이 화이트 오스만터스 30ml"},{"배송비 정책":"무료배송(CJ대한통운)"},{"유통기한":"제품 내 별도 표기일"}
  ]
  
      }
  }
  